2DOOR SLIDING,,,3 DOOR SLIDING,,
2INT_1LHS_800,2INT_1RHS_800,,3INT_1LHS_800,3INT_1LHS_RHS_800,3INT_1RHS_800
2INT_1LHS_900,2INT_1RHS_900,,3INT_1LHS_900,3INT_1LHS_RHS_900,3INT_1RHS_900
2INT_2LHS_800,2INT_2RHS_800,,3INT_3LHS_800,3INT_3LHS_RHS_800,3INT_3RHS_800
2INT_2LHS_900,2INT_2RHS_900,,3INT_3LHS_900,3INT_3LHS_RHS_900,3INT_3RHS_900
2INT_2LHS_1000,2INT_2RHS_1000,,3INT_3LHS_1000,3INT_3LHS_RHS_1000,3INT_3RHS_1000
2INT_2LHS_1100,2INT_2RHS_1100,,,,
2INT_3LHS_800,2INT_3RHS_800,,3INT_3LHS_800,3INT_3LHS_RHS_800,3INT_3RHS_800
2INT_3LHS_900,2INT_3RHS_900,,3INT_3LHS_900,3INT_3LHS_RHS_900,3INT_3RHS_900
2INT_3LHS_1000,2INT_3RHS_1000,,3INT_3LHS_1000,3INT_3LHS_RHS_1000,3INT_3RHS_1000
2INT_3LHS_1100,2INT_3RHS_1100,,,,
2INT_4LHS_800,2INT_4RHS_800,,3INT_4LHS_800,3INT_4LHS_RHS_800,3INT_4RHS_800
2INT_4LHS_900,2INT_4RHS_900,,3INT_4LHS_900,3INT_4LHS_RHS_900,3INT_4RHS_900
2INT_4LHS_1000,2INT_4RHS_1000,,3INT_4LHS_1000,3INT_4LHS_RHS_1000,3INT_4RHS_1000
2INT_4LHS_1100,2INT_4RHS_1100,,,,
2INT_5LHS_800,2INT_5RHS_800,,3INT_5LHS_800,3INT_5LHS_RHS_800,3INT_5RHS_800
2INT_5LHS_900,2INT_5RHS_900,,3INT_5LHS_900,3INT_5LHS_RHS_900,3INT_5RHS_900
2INT_6LHS_600,2INT_6RHS_600,,3INT_6LHS_600,3INT_6LHS_RHS_600,3INT_6RHS_600
2INT_6LHS_700,2INT_6RHS_700,,3INT_6LHS_700,3INT_6LHS_RHS_700,3INT_6RHS_700
2INT_6LHS_750,2INT_6RHS_750,,3INT_6LHS_750,3INT_6LHS_RHS_750,3INT_6RHS_750
2INT_6LHS_800,2INT_6RHS_800,,3INT_6LHS_800,3INT_6LHS_RHS_800,3INT_6RHS_800
2INT_6LHS_900,2INT_6RHS_900,,3INT_6LHS_900,3INT_6LHS_RHS_900,3INT_6RHS_900
2INT_7_600,2INT_7_600,,3INT_7_600,3INT_7_600,3INT_7_600
2INT_7_700,2INT_7_700,,3INT_7_700,3INT_7_700,3INT_7_700
2INT_7_750,2INT_7_750,,3INT_7_750,3INT_7_750,3INT_7_750
2INT_7_900,2INT_7_900,,3INT_7_900,3INT_7_900,3INT_7_900
2INT_8_700,2INT_8_700,,3INT_8_700,3INT_8_700,3INT_8_700
2INT_8_750,2INT_8_750,,3INT_8_750,3INT_8_750,3INT_8_750
2INT_8_800,2INT_8_800,,3INT_8_800,3INT_8_800,3INT_8_800
2INT_8_900,2INT_8_900,,3INT_8_900,3INT_8_900,3INT_8_900
2INT_9LHS_750,2INT_9RHS_750,,3INT_9LHS_750,3INT_9LHS_RHS_750,3INT_9RHS_750
2INT_9LHS_800,2INT_9RHS_800,,3INT_9LHS_800,3INT_9LHS_RHS_800,3INT_9RHS_800
2INT_9LHS_900,2INT_9RHS_900,,3INT_9LHS_900,3INT_9LHS_RHS_900,3INT_9RHS_900
2INT_10_600,2INT_10_600,,3INT_10_600,3INT_10_600,3INT_10_600
2INT_10_700,2INT_10_700,,3INT_10_700,3INT_10_700,3INT_10_700
2INT_10_750,2INT_10_750,,3INT_10_750,3INT_10_750,3INT_10_750
2INT_10_800,2INT_10_800,,3INT_10_800,3INT_10_800,3INT_10_800
2INT_10_900,2INT_10_900,,3INT_10_900,3INT_10_900,3INT_10_900
2INT_11LHS_600,2INT_11RHS_600,,3INT_11LHS_600,3INT_11LHS_RHS_600,3INT_11RHS_600
2INT_11LHS_700,2INT_11RHS_700,,3INT_11LHS_700,3INT_11LHS_RHS_700,3INT_11RHS_700
2INT_11LHS_750,2INT_11RHS_750,,3INT_11LHS_750,3INT_11LHS_RHS_750,3INT_11RHS_750
2INT_11LHS_800,2INT_11RHS_800,,3INT_11LHS_800,3INT_11LHS_RHS_800,3INT_11RHS_800
2INT_11LHS_900,2INT_11RHS_900,,3INT_11LHS_900,3INT_11LHS_RHS_900,3INT_11RHS_900